{
  "bot_states": [
    {
      "ID": 0,
      "direction": 5.2214832329755838,
      "state": {},
      "x_position": 1.561776074678388,
      "y_position": 47.981831482230021
    },
    {
      "ID": 1,
      "direction": 1.6681271949154046,
      "state": {},
      "x_position": -38.726300729487349,
      "y_position": 34.5429617888122
    },
    {
      "ID": 2,
      "direction": 5.6944196331437889,
      "state": {},
      "x_position": -295.42633386542417,
      "y_position": 164.91615369054549
    }
  ],
  "ticks": 299
}